alkB	ada	alkA	livK	livJ	lysU	kbl	livG	aidB	lrp
0.2468293	1.0000000	0.9649279	0.0133237	0.5113376	0.5129648	0.5171678	0.3665343	0.7006012	1.0000000
