alkB	ada	alkA	livK	livJ	lysU	kbl	livG	aidB	lrp
0.9589458	0.0000000	0.0622483	1.0631944	1.0547203	1.0279502	0.0179968	0.9647272	1.0469834	0.0000000
