alkB	ada	alkA	livK	livJ	lysU	kbl	livG	aidB	lrp
0.027103419686277525	0.0	0.07353529666461257	0.021676079470272697	0.024665202867048736	0.020982398716163756	0.01924582847690763	0.03781050887275315	0.019112675270119076	0.0
