alkB	ada	alkA	livK	livJ	lysU	kbl	livG	aidB	lrp
0.1917045	0.9482751	0.8252073	0.0060138	0.3671864	0.4611841	0.3833240	0.2899933	0.5326533	0.6369980
