alkB	ada	alkA	livK	livJ	lysU	kbl	livG	aidB	lrp
0.7002605	0.0000000	0.0495063	0.7837838	0.9426323	0.6960285	0.0115577	0.7458037	0.7124889	0.0000000
