alkB	ada	alkA	livK	livJ	lysU	kbl	livG	aidB	lrp
1.0000000	0.0000000	0.0629037	0.9999993	1.0000000	0.9999998	0.0178823	1.0000000	0.9999996	0.0000000
