alkB	ada	alkA	livK	livJ	lysU	kbl	livG	aidB	lrp
0.6954114	0.0000000	0.1003234	0.7772154	0.8365527	0.8861528	0.0080833	1.0517768	0.8431392	0.0000000
