alkB	ada	alkA	livK	livJ	lysU	kbl	livG	aidB	lrp
0.9883501	0.0000000	0.0722146	1.0552137	1.0393291	1.1260701	0.0106895	1.0951013	1.0825105	0.0000000
