alkB	ada	alkA	livK	livJ	lysU	kbl	livG	aidB	lrp
0.2056242	1.1039552	1.1257863	0.0104747	0.5286506	0.5697073	0.5269512	0.4392992	0.6954606	0.9243886
