alkB	ada	alkA	livK	livJ	lysU	kbl	livG	aidB	lrp
0.2468301	1.0000000	0.9649279	0.0133330	0.5113378	0.5129664	0.5171041	0.3665681	0.7006052	1.0000000
