alkB	ada	alkA	livK	livJ	lysU	kbl	livG	aidB	lrp
0.1585979	0.7439996	0.8040841	0.0071110	0.4222813	0.3767507	0.3436811	0.2957682	0.5215573	0.8451101
