alkB	ada	alkA	livK	livJ	lysU	kbl	livG	aidB	lrp
1.0000000	0.0000000	0.0629037	0.9999906	1.0000000	0.9999992	0.0178999	0.9999933	0.9999981	0.0000005
