alkB	ada	alkA	livK	livJ	lysU	kbl	livG	aidB	lrp
0.2273292	1.0334170	1.0859068	0.0134414	0.5608931	0.5873593	0.4683770	0.3981586	0.7639161	1.0559996
