alkB	alkA	livK	livJ	lysU	kbl	livG	aidB	lrp
0.0000000	0.3383559	0.0621739	0.0973100	0.9999862	0.9726898	0.3995491	0.2273051	1.0000000
1.0000000	0.0000041	0.0621739	0.0973100	0.3316647	0.9726898	0.3995491	0.2273051	1.0000000
1.0000000	0.9953644	0.0000000	0.0973100	0.3316647	0.9726898	0.3995491	0.2273051	1.0000000
1.0000000	0.6761895	0.0621739	0.0000051	0.3316647	0.9726898	0.3995491	0.2273051	1.0000000
1.0000000	0.6799028	0.0621739	0.0973100	0.0000023	0.9726898	0.3995491	0.2273051	1.0000000
1.0000000	0.6761895	0.0621739	0.0973100	0.3316647	0.0000048	0.3995491	0.2273051	1.0000000
1.0000000	0.6761895	0.0621739	0.0973100	0.3316647	0.9726898	0.0000031	0.2273051	1.0000000
1.0000000	0.6761895	0.0621739	0.0973100	0.3316647	0.9726898	0.3995491	0.0000033	1.0000000
1.0000000	0.0854000	1.0000000	0.9999367	0.9999978	0.0643332	0.9999985	0.9999905	0.0000001
