alkB	alkA	livK	livJ	lysU	kbl	livG	aidB	lrp
1.1039905	0.7537456	0.0691353	0.0909579	0.3185076	0.9375095	0.3478933	0.1997035	1.1249885
