alkB	alkA	livK	livJ	lysU	kbl	livG	aidB	lrp
0.5433406	0.5803828	0.0115562	0.0730428	0.2932254	0.7985951	0.3467575	0.2182622	0.5838185
0.6746394	0.6126681	0.0157680	0.0413955	0.2328360	0.5859093	0.2827285	0.1700804	0.7008499
0.5342307	0.6191134	0.0212038	0.0425090	0.2598189	0.6383052	0.3054108	0.2274977	0.5575930
0.5943192	0.2507505	0.0354565	0.1372468	0.4221450	0.5625897	0.6577867	0.4241792	0.4678214
0.5945026	0.4692627	0.0029872	0.0373557	0.2326252	0.6675168	0.2923339	0.1158052	0.7309303
0.6629061	0.4257114	0.0457513	0.0710777	0.1996365	0.6387265	0.3234310	0.2364486	0.7752376
0.5610520	0.3178590	0.0663139	0.0631539	0.1988335	0.6160139	0.1487420	0.1413256	0.6891178
0.7214439	0.2199105	0.0552850	0.0590438	0.2226026	0.6513413	0.2230687	0.1196078	0.6917109
0.6076753	0.5998029	0.0467123	0.0818561	0.2365827	0.6997442	0.3107468	0.1272994	0.7833365
