alkB	alkA	livK	livJ	lysU	kbl	livG	aidB	lrp
0.9004051	0.6125016	0.0508607	0.0697867	0.2282544	0.6663780	0.2586104	0.1659748	0.7947845
