alkB	alkA	livK	livJ	lysU	kbl	livG	aidB	lrp
0.0000000	0.0726910	0.8283224	0.7433610	0.6260024	0.0907958	0.7096835	0.6682328	0.0000000
0.7323547	0.7883012	0.0000000	0.0933254	0.0000000	0.7291419	0.3233231	0.1642438	0.7825840
