alkB	alkA	livK	livJ	lysU	kbl	livG	aidB	lrp
0.8851007	0.4225738	0.0664073	0.0489151	0.2144727	0.6032959	0.2755849	0.1401057	0.7779271
