alkB	alkA	livK	livJ	lysU	kbl	livG	aidB	lrp
0.6993677	0.8733771	0.0202433	0.1115026	0.5002949	1.0841619	0.5211305	0.2837382	0.9650812
1.0777978	0.8808590	0.0290550	0.0573866	0.3792966	0.9171560	0.4046123	0.2072457	0.9682213
0.8635032	0.8484181	0.0304572	0.0560102	0.4493663	0.8690576	0.3957566	0.3458314	0.7954636
0.7823082	0.3396176	0.0446124	0.2127426	0.4632547	0.7933595	0.7996803	0.6258529	0.5788916
0.8345850	0.6215695	0.0051840	0.0425795	0.3558197	0.9306207	0.4517068	0.1709144	1.0701926
1.0560335	0.5499678	0.0826499	0.1270572	0.2669212	0.9788587	0.4359106	0.2926035	0.9719632
0.9848024	0.5113695	0.0785573	0.1051472	0.2832092	0.9094212	0.2348283	0.2048429	1.0834914
1.0224352	0.2936923	0.0717517	0.1194747	0.2959991	0.9546303	0.3586905	0.2213230	0.9226968
0.8876006	0.7410614	0.0501463	0.0806097	0.3053258	0.9629975	0.3490338	0.1414705	1.0719571
