alkB	alkA	livK	livJ	lysU	kbl	livG	aidB	lrp
1.1478807	0.7379238	0.0936706	0.0864206	0.3231936	0.9421828	0.3854246	0.2245409	1.1470870
