alkB	alkA	livK	livJ	lysU	kbl	livG	aidB	lrp
1.0000000	0.6761658	0.0621739	0.0973101	0.3316647	0.9726898	0.3995491	0.2273085	1.0000000
