alkB	alkA	livK	livJ	lysU	kbl	livG	aidB	lrp
0.6928044	0.7453773	0.0190883	0.0761307	0.5081579	0.9884400	0.3995491	0.2273051	1.0000000
1.0000000	0.8794498	0.0253477	0.0693736	0.3360947	0.9010645	0.4414383	0.2661970	0.9482407
0.7952050	0.8073400	0.0257912	0.0890444	0.4470569	0.9518869	0.3906247	0.3067868	0.8594014
0.7450445	0.3330969	0.0432861	0.2042709	0.4398418	0.8147544	0.7176314	0.7091734	0.5941489
0.8453229	0.6260091	0.0081519	0.0651470	0.4097743	0.8973706	0.4616997	0.2453758	0.9246841
1.0000000	0.6474926	0.0664506	0.1160404	0.2511583	0.9673622	0.4367785	0.2913000	0.9189178
1.0000000	0.5401665	0.0621739	0.0973100	0.3316647	0.9744060	0.2655142	0.2273051	1.0000000
1.0000000	0.3141110	0.0621739	0.0973100	0.3195880	0.9799493	0.3995491	0.2103111	1.0000000
1.0000000	0.7738142	0.0425068	0.0750770	0.3316647	0.9747398	0.3995491	0.1575465	1.0000000
