alkB	alkA	livK	livJ	lysU	kbl	livG	aidB	lrp
-0.3071955808830831	-0.1404937716409303	-0.05979521859556983	-0.02153061005687262	0.06635383053458929	0.5396180594471361	0.06465573415086345	0.04339552720414197	0.41114727849834787
0.1341194620605496	0.2797601810999527	-0.03941641486846362	-0.22388815957588862	0.13416642642154344	-0.541751799607541	0.5009817352472515	0.06607199725839374	-0.051759840217273305
-0.20479499096179793	-0.05434469848835272	-0.10988204061878093	-0.22553307865326472	0.23218122311243714	0.09142501684042006	-0.23066057438908566	-0.09425571505766034	-0.14059907367694696
-0.2549555023256387	-0.4525531194899137	-0.35991594219569867	-0.2463655208264207	-0.1241551672734067	0.19091332445082368	-0.08182774502110371	0.06195896903850101	-0.4058512634665961
-0.1546771243386131	-0.34166497565523524	-0.6660264164455957	-0.3170661603803503	0.2726743400250814	-0.06394480935796622	0.5275029901611951	-0.10482407153448883	-0.07531677141174284
0.008574938212311164	-0.014258629371389135	0.34533925351747197	0.006263035659322978	-0.08804100790673472	0.16775632207740032	-0.032552596996407654	0.012977703904863755	-0.08108312633328191
0.11043728209836282	-0.1368288234981479	0.4681100932944597	0.25581480107900206	0.02134356427093525	0.05880055035492021	-0.3055308216341473	0.30085116298600506	0.4554766938198645
0.4320945323003287	-0.3641917062495171	0.030898089494050925	0.4622944757957619	-0.012076713198824323	0.2487198164531676	0.28706520418744574	-0.018318139281925352	0.23466715346174052
0.07330191973761475	0.015218894957587673	-0.019667061084040618	-0.03508083586608412	0.34401581479875354	0.07023489645349001	0.2516225698423308	-0.2647195219025839	0.2672171196973558
