alkB	alkA	livK	livJ	lysU	kbl	livG	aidB	lrp
0.0	0.016410408284316308	0.1141203839595651	0.022890359771001626	0.03483861285118667	0.02749025279374941	0.040537418708824914	0.017614869584122818	0.0
0.03937701731166605	0.016410408284316308	0.0	0.022890359771001626	0.0	0.02749025279374941	0.040537418708824914	0.017614869584122818	0.02282922063337789
