alkB	alkA	livK	livJ	lysU	kbl	livG	aidB	lrp
1.0000000	0.6761575	0.0621739	0.0973573	0.3316665	0.9726853	0.3995509	0.2273164	1.0000000
